Workbook

Sheet Daftar Investasi
A1: No | B1: Nama Instrumen | C1: Jenis | D1: Modal Awal (Rp) | E1: Nilai Saat Ini (Rp) | F1: Gain/Loss (Rp) | G1: Return (%) | H1: Target (Rp) | I1: Status
A2: 1 | B2: Reksa Dana Pasar Uang BCA | C2: Reksa Dana | D2: 10000000 | E2: 10450000 | F2: =E2-D2 | G2: =IF(D2=0,0,(E2-D2)/D2) | H2: 10000000 | I2: =IF(G2>=0.1,"✅ On Track","⚠️ Monitor")
A3: 2 | B3: BBCA (Saham) | C3: Saham | D3: 5000000 | E3: 6200000 | F3: =E3-D3 | G3: =IF(D3=0,0,(E3-D3)/D3) | H3: 5000000 | I3: =IF(G3>=0.1,"✅ On Track","⚠️ Monitor")
A4: 3 | B4: SBR012 | C4: Obligasi | D4: 5000000 | E4: 5350000 | F4: =E4-D4 | G4: =IF(D4=0,0,(E4-D4)/D4) | H4: 5000000 | I4: =IF(G4>=0.1,"✅ On Track","⚠️ Monitor")
A5: 4 | B5: Danamas P2P | C5: P2P Lending | D5: 3000000 | E5: 3330000 | F5: =E5-D5 | G5: =IF(D5=0,0,(E5-D5)/D5) | H5: 3000000 | I5: =IF(G5>=0.1,"✅ On Track","⚠️ Monitor")
A6: 5 | B6: Reksa Dana Saham Schroders | C6: Reksa Dana | D6: 8000000 | E6: 9100000 | F6: =E6-D6 | G6: =IF(D6=0,0,(E6-D6)/D6) | H6: 8000000 | I6: =IF(G6>=0.1,"✅ On Track","⚠️ Monitor")
A7: 6 | B7: ETH (Crypto) | C7: Kripto | D7: 2000000 | E7: 1800000 | F7: =E7-D7 | G7: =IF(D7=0,0,(E7-D7)/D7) | H7: 2000000 | I7: =IF(G7>=0.1,"✅ On Track","⚠️ Monitor")
A8: 7 | B8: Emas Antam | C8: Emas | D8: 5000000 | E8: 5600000 | F8: =E8-D8 | G8: =IF(D8=0,0,(E8-D8)/D8) | H8: 5000000 | I8: =IF(G8>=0.1,"✅ On Track","⚠️ Monitor")

Sheet Portfolio Summary
A1: RINGKASAN PORTFOLIO
A3: Total Modal Awal | B3: =SUM('Daftar Investasi'!D2:D20)
A4: Total Nilai Sekarang | B4: =SUM('Daftar Investasi'!E2:E20)
A5: Total Gain/Loss | B5: =SUM('Daftar Investasi'!F2:F20)
A6: Total Return % | B6: =IF(B3=0,0,(B4-B3)/B3)
A8: Alokasi per Jenis
A9: Jenis Investasi | B9: Total Modal (Rp) | C9: % Alokasi
A10: Reksa Dana | B10: =SUMIF('Daftar Investasi'!C2:C20,A10,'Daftar Investasi'!D2:D20) | C10: =IF(B3=0,0,B10/B3)
A11: Saham | B11: =SUMIF('Daftar Investasi'!C2:C20,A11,'Daftar Investasi'!D2:D20) | C11: =IF(B3=0,0,B11/B3)
A12: Obligasi | B12: =SUMIF('Daftar Investasi'!C2:C20,A12,'Daftar Investasi'!D2:D20) | C12: =IF(B3=0,0,B12/B3)
A13: P2P Lending | B13: =SUMIF('Daftar Investasi'!C2:C20,A13,'Daftar Investasi'!D2:D20) | C13: =IF(B3=0,0,B13/B3)
A14: Kripto | B14: =SUMIF('Daftar Investasi'!C2:C20,A14,'Daftar Investasi'!D2:D20) | C14: =IF(B3=0,0,B14/B3)
A15: Emas | B15: =SUMIF('Daftar Investasi'!C2:C20,A15,'Daftar Investasi'!D2:D20) | C15: =IF(B3=0,0,B15/B3)

Sheet Proyeksi
A1: Modal Awal (Rp): | B1: 10000000
A2: Kontribusi/Bln (Rp): | B2: 500000
A4: Tahun | B4: Skenario Konservatif 6% p.a. | C4: Skenario Moderat 12% p.a. | D4: Skenario Agresif 18% p.a.
A5: 1 | B5: =$B$1*(1+0.06)^A5+$B$2*12*(((1+0.06)^A5-1)/0.06) | C5: =$B$1*(1+0.12)^A5+$B$2*12*(((1+0.12)^A5-1)/0.12) | D5: =$B$1*(1+0.18)^A5+$B$2*12*(((1+0.18)^A5-1)/0.18)
A6: 2 | B6: =$B$1*(1+0.06)^A6+$B$2*12*(((1+0.06)^A6-1)/0.06) | C6: =$B$1*(1+0.12)^A6+$B$2*12*(((1+0.12)^A6-1)/0.12) | D6: =$B$1*(1+0.18)^A6+$B$2*12*(((1+0.18)^A6-1)/0.18)
A7: 3 | B7: =$B$1*(1+0.06)^A7+$B$2*12*(((1+0.06)^A7-1)/0.06) | C7: =$B$1*(1+0.12)^A7+$B$2*12*(((1+0.12)^A7-1)/0.12) | D7: =$B$1*(1+0.18)^A7+$B$2*12*(((1+0.18)^A7-1)/0.18)
A8: 4 | B8: =$B$1*(1+0.06)^A8+$B$2*12*(((1+0.06)^A8-1)/0.06) | C8: =$B$1*(1+0.12)^A8+$B$2*12*(((1+0.12)^A8-1)/0.12) | D8: =$B$1*(1+0.18)^A8+$B$2*12*(((1+0.18)^A8-1)/0.18)
A9: 5 | B9: =$B$1*(1+0.06)^A9+$B$2*12*(((1+0.06)^A9-1)/0.06) | C9: =$B$1*(1+0.12)^A9+$B$2*12*(((1+0.12)^A9-1)/0.12) | D9: =$B$1*(1+0.18)^A9+$B$2*12*(((1+0.18)^A9-1)/0.18)
A10: 6 | B10: =$B$1*(1+0.06)^A10+$B$2*12*(((1+0.06)^A10-1)/0.06) | C10: =$B$1*(1+0.12)^A10+$B$2*12*(((1+0.12)^A10-1)/0.12) | D10: =$B$1*(1+0.18)^A10+$B$2*12*(((1+0.18)^A10-1)/0.18)
A11: 7 | B11: =$B$1*(1+0.06)^A11+$B$2*12*(((1+0.06)^A11-1)/0.06) | C11: =$B$1*(1+0.12)^A11+$B$2*12*(((1+0.12)^A11-1)/0.12) | D11: =$B$1*(1+0.18)^A11+$B$2*12*(((1+0.18)^A11-1)/0.18)
A12: 8 | B12: =$B$1*(1+0.06)^A12+$B$2*12*(((1+0.06)^A12-1)/0.06) | C12: =$B$1*(1+0.12)^A12+$B$2*12*(((1+0.12)^A12-1)/0.12) | D12: =$B$1*(1+0.18)^A12+$B$2*12*(((1+0.18)^A12-1)/0.18)
A13: 9 | B13: =$B$1*(1+0.06)^A13+$B$2*12*(((1+0.06)^A13-1)/0.06) | C13: =$B$1*(1+0.12)^A13+$B$2*12*(((1+0.12)^A13-1)/0.12) | D13: =$B$1*(1+0.18)^A13+$B$2*12*(((1+0.18)^A13-1)/0.18)
A14: 10 | B14: =$B$1*(1+0.06)^A14+$B$2*12*(((1+0.06)^A14-1)/0.06) | C14: =$B$1*(1+0.12)^A14+$B$2*12*(((1+0.12)^A14-1)/0.12) | D14: =$B$1*(1+0.18)^A14+$B$2*12*(((1+0.18)^A14-1)/0.18)
A15: 11 | B15: =$B$1*(1+0.06)^A15+$B$2*12*(((1+0.06)^A15-1)/0.06) | C15: =$B$1*(1+0.12)^A15+$B$2*12*(((1+0.12)^A15-1)/0.12) | D15: =$B$1*(1+0.18)^A15+$B$2*12*(((1+0.18)^A15-1)/0.18)
A16: 12 | B16: =$B$1*(1+0.06)^A16+$B$2*12*(((1+0.06)^A16-1)/0.06) | C16: =$B$1*(1+0.12)^A16+$B$2*12*(((1+0.12)^A16-1)/0.12) | D16: =$B$1*(1+0.18)^A16+$B$2*12*(((1+0.18)^A16-1)/0.18)
... A34: 30 | B34: =$B$1*(1+0.06)^A34+$B$2*12*(((1+0.06)^A34-1)/0.06) | C34: =$B$1*(1+0.12)^A34+$B$2*12*(((1+0.12)^A34-1)/0.12) | D34: =$B$1*(1+0.18)^A34+$B$2*12*(((1+0.18)^A34-1)/0.18)

Sheet Cara Pakai
A1: Cara Pakai — Tracker Investasi
A3: PANDUAN WARNA:
A4: • Biru: Sel input — ISI dengan data kamu
A5: • Hitam: Formula otomatis — JANGAN dihapus
A6: • Hijau: Mengambil data dari sheet lain — jangan dihapus
A7: • Background kuning: Asumsi penting yang perlu diperhatikan
A9: LANGKAH-LANGKAH:
A10: 1. Isi sheet "Daftar Investasi" dengan semua investasimu
A11: 2. Update kolom "Nilai Saat Ini" secara berkala (mingguan/bulanan)
A12: 3. Lihat Portfolio Summary untuk gambaran alokasi
A13: 4. Gunakan sheet Proyeksi untuk simulasikan pertumbuhan jangka panjang
A16: © 2026 Tomonee — Template Keuangan Indonesia
