Workbook

Sheet Dashboard
A1: 📊 DASHBOARD ANGGARAN BULANAN
A3: Total Pemasukan/Bln | B3: =SUM(Pemasukan!C2:C20)
A4: Total Anggaran Pengeluaran | B4: =SUM(Pengeluaran!C2:C20)
A5: Total Aktual Pengeluaran | B5: =SUM(Pengeluaran!D2:D20)
A6: Sisa/Surplus | B6: =B3-B5
A7: Savings Rate | B7: =(B3-B5)/B3
A8: Status Anggaran | B8: =IF(B5<=B4,"✅ On Budget","⚠️ Over Budget")

Sheet Pemasukan
A1: No | B1: Sumber Pemasukan | C1: Bulanan (Rp) | D1: Tahunan (Rp) | E1: Keterangan
A2: 1 | B2: Gaji Pokok | C2: 8500000 | D2: =C2*12
A3: 2 | B3: Tunjangan Transport | C3: 500000 | D3: =C3*12
A4: 3 | B4: Tunjangan Makan | C4: 400000 | D4: =C4*12
A5: 4 | B5: Freelance/Sampingan | C5: 1500000 | D5: =C5*12
A6: 5 | B6: Investasi (Dividen/Bunga) | C6: 200000 | D6: =C6*12

Sheet Pengeluaran
A1: No | B1: Kategori | C1: Budget (Rp) | D1: Aktual (Rp) | E1: Selisih (Rp) | F1: % Income
A2: 1 | B2: Sewa/KPR | C2: 2500000 | D2: 2500000 | E2: =C2-D2 | F2: =D2/SUM(Pemasukan!C2:C20)
A3: 2 | B3: Makan & Minum | C3: 1800000 | D3: 2100000 | E3: =C3-D3 | F3: =D3/SUM(Pemasukan!C2:C20)
A4: 3 | B4: Transport & BBM | C4: 600000 | D4: 700000 | E4: =C4-D4 | F4: =D4/SUM(Pemasukan!C2:C20)
A5: 4 | B5: Tagihan Listrik/Air/Internet | C5: 400000 | D5: 380000 | E5: =C5-D5 | F5: =D5/SUM(Pemasukan!C2:C20)
A6: 5 | B6: Cicilan Utang | C6: 2100000 | D6: 2100000 | E6: =C6-D6 | F6: =D6/SUM(Pemasukan!C2:C20)
A7: 6 | B7: Tabungan | C7: 500000 | D7: 500000 | E7: =C7-D7 | F7: =D7/SUM(Pemasukan!C2:C20)
A8: 7 | B8: Hiburan & Langganan | C8: 300000 | D8: 450000 | E8: =C8-D8 | F8: =D8/SUM(Pemasukan!C2:C20)
A9: 8 | B9: Pakaian & Perawatan | C9: 200000 | D9: 150000 | E9: =C9-D9 | F9: =D9/SUM(Pemasukan!C2:C20)
A10: 9 | B10: Kesehatan | C10: 150000 | D10: 80000 | E10: =C10-D10 | F10: =D10/SUM(Pemasukan!C2:C20)
A11: 10 | B11: Pendidikan | C11: 200000 | D11: 200000 | E11: =C11-D11 | F11: =D11/SUM(Pemasukan!C2:C20)
A12: 11 | B12: Lain-lain | C12: 300000 | D12: 320000 | E12: =C12-D12 | F12: =D12/SUM(Pemasukan!C2:C20)

Sheet Tracking Harian
A1: Tanggal | B1: Keterangan | C1: Kategori | D1: Jumlah (Rp)
A2: 01/04/2026 | B2: Belanja groceries Alfamart | C2: Makan & Minum | D2: 85000
A3: 01/04/2026 | B3: Token listrik | C3: Tagihan | D3: 100000
A4: 02/04/2026 | B4: Makan siang warung | C4: Makan & Minum | D4: 25000
A5: 03/04/2026 | B5: Grab ke kantor | C5: Transport & BBM | D5: 32000
A6: 04/04/2026 | B6: Netflix | C6: Hiburan & Langganan | D6: 54000

Sheet Cara Pakai
A1: Cara Pakai — Anggaran Bulanan
A3: PANDUAN WARNA:
A4: • Biru: Sel input — ISI dengan data kamu
A5: • Hitam: Formula otomatis — JANGAN dihapus
A6: • Hijau: Mengambil data dari sheet lain — jangan dihapus
A7: • Background kuning: Asumsi penting yang perlu diperhatikan
A9: LANGKAH-LANGKAH:
A10: 1. Isi sheet "Pemasukan" dengan semua sumber pendapatanmu
A11: 2. Isi kolom "Budget" di sheet "Pengeluaran" dengan rencana pengeluaran
A12: 3. Setiap hari, catat pengeluaran di sheet "Tracking Harian"
A13: 4. Isi kolom "Aktual" di Pengeluaran dengan total aktual tiap kategori
A14: 5. Dashboard otomatis hitung savings rate dan status anggaran
A17: © 2026 Tomonee — Template Keuangan Indonesia
